#Objective1, #Variable1, #Variable2, #Variable3, #Variable4, #Variable5, #Variable6, #Variable7, #Variable8, #Variable9, #Variable10, #Variable11, #Variable12, #Variable13, #Variable14, #Variable15, #Variable16, #Variable17, #Variable18, #Variable19, #Variable20, #Variable21, #Variable22, #Variable23, #Variable24, #Variable25, #Variable26, #Variable27, #Variable28, #Variable29, #Variable30, #Variable31, #Variable32, #Constraint1, #Constraint2, #Constraint3, #Constraint4, #Constraint5, #Constraint6, #Constraint7, #Constraint8, #Constraint9, #Constraint10, #Constraint11, #Constraint12, #Constraint13, #Constraint14, #Constraint15, #Constraint16, #Constraint17, #Constraint18, #Constraint19, #Constraint20, #Constraint21, #Constraint22, #OverallConstraintViolation
0.060551376038,0.718150759663,0.831761119336,0.547247971577,0.088770137036,0.039513867823,0.395652153598,0.358996365058,0.174589215135,0.164247974216,0.521467709040,0.363969106630,0.371744327056,0.191279684162,0.170075362264,0.173639047722,0.152450910651,0.170704868405,0.336515845878,0.002558656310,0.447416250633,0.334986217391,0.195559064708,0.299537402433,0.341015762959,0.557618781790,0.477667434996,0.837829154399,0.653109983004,0.063117036105,0.312920690061,0.237821893946,0.112718423991,0.000000000000,0.000000000000,0.000000000000,0.000000000000,0.000000000000,0.000000000000,0.000000000000,0.000000000000,0.000000000000,0.000000000000,0.000000000000,0.000000000000,0.000000000000,0.000000000000,0.000000000000,0.000000000000,0.000000000000,0.000000000000,0.000000000000,0.000000000000,0.000000000000,0.000000000000,0.0
